State,County,Accident_Count
AK,Aleutians East,0
AK,Aleutians West,0
AK,Anchorage,0
AK,Bethel,0
AK,Bristol Bay,0
AK,Denali,0
AK,Dillingham,0
AK,Fairbanks North Star,0
AK,Haines,0
AK,Hoonah-Angoon,0
AK,Juneau,0
AK,Kenai Peninsula,0
AK,Ketchikan Gateway,0
AK,Kodiak Island,0
AK,Kusilvak,0
AK,Lake and Peninsula,0
AK,Matanuska-Susitna,0
AK,Nome,0
AK,North Slope,0
AK,Northwest Arctic,0
AK,Petersburg,0
AK,Prince of Wales-Hyder,0
AK,Sitka,0
AK,Skagway,0
AK,Southeast Fairbanks,0
AK,Valdez-Cordova,0
AK,Wrangell,0
AK,Yakutat,0
AK,Yukon-Koyukuk,0
AL,Autauga,414
AL,Baldwin,583
AL,Barbour,26
AL,Bibb,24
AL,Blount,579
AL,Bullock,26
AL,Butler,146
AL,Calhoun,99
AL,Chambers,43
AL,Cherokee,12
AL,Chilton,739
AL,Choctaw,3
AL,Clarke,10
AL,Clay,1
AL,Cleburne,121
AL,Coffee,102
AL,Colbert,75
AL,Conecuh,65
AL,Coosa,7
AL,Covington,24
AL,Crenshaw,122
AL,Cullman,518
AL,Dale,126
AL,Dallas,105
AL,DeKalb,67
AL,Elmore,400
AL,Escambia,72
AL,Etowah,40
AL,Fayette,20
AL,Franklin,3
AL,Geneva,43
AL,Greene,82
AL,Hale,9
AL,Henry,34
AL,Houston,438
AL,Jackson,43
AL,Jefferson,4076
AL,Lamar,6
AL,Lauderdale,29
AL,Lawrence,12
AL,Lee,357
AL,Limestone,746
AL,Lowndes,189
AL,Macon,203
AL,Madison,2444
AL,Marengo,9
AL,Marion,53
AL,Marshall,31
AL,Mobile,1466
AL,Monroe,12
AL,Montgomery,2629
AL,Morgan,245
AL,Perry,4
AL,Pickens,22
AL,Pike,373
AL,Randolph,3
AL,Russell,189
AL,Shelby,691
AL,St. Clair,233
AL,Sumter,63
AL,Talladega,125
AL,Tallapoosa,22
AL,Tuscaloosa,2386
AL,Walker,340
AL,Washington,9
AL,Wilcox,8
AL,Winston,15
AR,Arkansas,4
AR,Ashley,22
AR,Baxter,13
AR,Benton,225
AR,Boone,16
AR,Bradley,18
AR,Calhoun,18
AR,Carroll,23
AR,Chicot,39
AR,Clark,87
AR,Clay,16
AR,Cleburne,22
AR,Cleveland,50
AR,Columbia,21
AR,Conway,133
AR,Craighead,152
AR,Crawford,125
AR,Crittenden,340
AR,Cross,5
AR,Dallas,28
AR,Desha,13
AR,Drew,22
AR,Faulkner,158
AR,Franklin,48
AR,Fulton,7
AR,Garland,90
AR,Grant,28
AR,Greene,37
AR,Hempstead,46
AR,Hot Spring,127
AR,Howard,14
AR,Independence,51
AR,Izard,4
AR,Jackson,11
AR,Jefferson,93
AR,Johnson,70
AR,Lafayette,4
AR,Lawrence,44
AR,Lee,1
AR,Lincoln,12
AR,Little River,7
AR,Logan,7
AR,Lonoke,218
AR,Madison,24
AR,Marion,4
AR,Miller,76
AR,Mississippi,123
AR,Monroe,44
AR,Montgomery,8
AR,Nevada,28
AR,Newton,1
AR,Ouachita,54
AR,Perry,19
AR,Phillips,0
AR,Pike,9
AR,Poinsett,44
AR,Polk,26
AR,Pope,114
AR,Prairie,101
AR,Pulaski,2038
AR,Randolph,19
AR,Saline,228
AR,Scott,26
AR,Searcy,20
AR,Sebastian,245
AR,Sevier,7
AR,Sharp,26
AR,St. Francis,203
AR,Stone,12
AR,Union,29
AR,Van Buren,30
AR,Washington,211
AR,White,114
AR,Woodruff,0
AR,Yell,40
AZ,Apache,341
AZ,Cochise,102
AZ,Coconino,819
AZ,Gila,327
AZ,Graham,55
AZ,Greenlee,19
AZ,La Paz,307
AZ,Maricopa,16885
AZ,Mohave,722
AZ,Navajo,306
AZ,Pima,8117
AZ,Pinal,784
AZ,Santa Cruz,0
AZ,Yavapai,1132
AZ,Yuma,152
CA,Alameda,15190
CA,Alpine,84
CA,Amador,593
CA,Butte,1726
CA,Calaveras,786
CA,Colusa,420
CA,Contra Costa,8313
CA,Del Norte,519
CA,El Dorado,2323
CA,Fresno,7033
CA,Glenn,344
CA,Humboldt,1684
CA,Imperial,49
CA,Inyo,396
CA,Kern,9224
CA,Kings,1217
CA,Lake,987
CA,Lassen,607
CA,Los Angeles,85035
CA,Madera,1975
CA,Marin,2280
CA,Mariposa,354
CA,Mendocino,1632
CA,Merced,2904
CA,Modoc,200
CA,Mono,385
CA,Monterey,4007
CA,Napa,1600
CA,Nevada,1671
CA,Orange,18662
CA,Placer,3307
CA,Plumas,412
CA,Riverside,14834
CA,Sacramento,17039
CA,San Benito,847
CA,San Bernardino,20590
CA,San Diego,17025
CA,San Francisco,2703
CA,San Joaquin,6009
CA,San Luis Obispo,2376
CA,San Mateo,4560
CA,Santa Barbara,2874
CA,Santa Clara,9851
CA,Santa Cruz,2848
CA,Shasta,1697
CA,Sierra,82
CA,Siskiyou,1180
CA,Solano,3512
CA,Sonoma,4619
CA,Stanislaus,3727
CA,Sutter,814
CA,Tehama,1009
CA,Trinity,437
CA,Tulare,3918
CA,Tuolumne,1035
CA,Ventura,3726
CA,Yolo,1571
CA,Yuba,1228
CO,Adams,1253
CO,Alamosa,7
CO,Arapahoe,666
CO,Archuleta,1
CO,Baca,12
CO,Bent,13
CO,Boulder,152
CO,Broomfield,109
CO,Chaffee,47
CO,Cheyenne,19
CO,Clear Creek,287
CO,Conejos,17
CO,Costilla,21
CO,Crowley,6
CO,Custer,19
CO,Delta,17
CO,Denver,2112
CO,Dolores,17
CO,Douglas,722
CO,Eagle,279
CO,El Paso,978
CO,Elbert,28
CO,Fremont,95
CO,Garfield,378
CO,Gilpin,12
CO,Grand,49
CO,Gunnison,34
CO,Hinsdale,1
CO,Huerfano,35
CO,Jackson,13
CO,Jefferson,1001
CO,Kiowa,31
CO,Kit Carson,20
CO,La Plata,26
CO,Lake,16
CO,Larimer,318
CO,Las Animas,78
CO,Lincoln,29
CO,Logan,57
CO,Mesa,144
CO,Mineral,27
CO,Moffat,13
CO,Montezuma,32
CO,Montrose,2
CO,Morgan,88
CO,Otero,54
CO,Ouray,0
CO,Park,114
CO,Phillips,12
CO,Pitkin,30
CO,Prowers,35
CO,Pueblo,305
CO,Rio Blanco,15
CO,Rio Grande,7
CO,Routt,18
CO,Saguache,12
CO,San Juan,11
CO,San Miguel,9
CO,Sedgwick,17
CO,Summit,284
CO,Teller,26
CO,Washington,11
CO,Weld,437
CO,Yuma,12
CT,Fairfield,3330
CT,Hartford,3344
CT,Litchfield,105
CT,Middlesex,510
CT,New Haven,2916
CT,New London,560
CT,Tolland,228
CT,Windham,122
DC,District of Columbia,4158
DC,District of Columbia,5
DE,Kent,320
DE,New Castle,2990
DE,Sussex,204
FL,Alachua,1366
FL,Baker,285
FL,Bay,911
FL,Bradford,63
FL,Brevard,2656
FL,Broward,10675
FL,Calhoun,74
FL,Charlotte,448
FL,Citrus,525
FL,Clay,960
FL,Collier,1060
FL,Columbia,742
FL,DeSoto,156
FL,Dixie,86
FL,Duval,8267
FL,Escambia,3719
FL,Flagler,222
FL,Franklin,18
FL,Gadsden,523
FL,Gilchrist,111
FL,Glades,40
FL,Gulf,34
FL,Hamilton,164
FL,Hardee,216
FL,Hendry,172
FL,Hernando,935
FL,Highlands,514
FL,Hillsborough,10400
FL,Holmes,176
FL,Indian River,226
FL,Jackson,516
FL,Jefferson,316
FL,Lafayette,16
FL,Lake,1358
FL,Lee,9595
FL,Leon,1921
FL,Levy,243
FL,Liberty,39
FL,Madison,279
FL,Manatee,5060
FL,Marion,3463
FL,Martin,652
FL,Miami-Dade,69263
FL,Monroe,337
FL,Nassau,478
FL,Okaloosa,1314
FL,Okeechobee,50
FL,Orange,32163
FL,Osceola,4669
FL,Palm Beach,5338
FL,Pasco,4585
FL,Pinellas,8928
FL,Polk,1582
FL,Putnam,415
FL,Santa Rosa,1613
FL,Sarasota,5073
FL,Seminole,2298
FL,St. Johns,1175
FL,St. Lucie,824
FL,Sumter,722
FL,Suwannee,344
FL,Taylor,133
FL,Union,89
FL,Volusia,1758
FL,Wakulla,239
FL,Walton,755
FL,Washington,250
GA,Appling,2
GA,Atkinson,4
GA,Bacon,0
GA,Baker,5
GA,Baldwin,15
GA,Banks,58
GA,Barrow,54
GA,Bartow,139
GA,Ben Hill,0
GA,Berrien,6
GA,Bibb,194
GA,Bleckley,10
GA,Brantley,0
GA,Brooks,10
GA,Bryan,85
GA,Bulloch,57
GA,Burke,18
GA,Butts,93
GA,Calhoun,0
GA,Camden,33
GA,Candler,3
GA,Carroll,89
GA,Catoosa,115
GA,Charlton,2
GA,Chatham,496
GA,Chattahoochee,8
GA,Chattooga,15
GA,Cherokee,228
GA,Clarke,12
GA,Clay,4
GA,Clayton,671
GA,Clinch,4
GA,Cobb,1351
GA,Coffee,8
GA,Colquitt,14
GA,Columbia,112
GA,Cook,39
GA,Coweta,280
GA,Crawford,1
GA,Crisp,25
GA,Dade,101
GA,Dawson,4
GA,DeKalb,2763
GA,Decatur,6
GA,Dodge,0
GA,Dooly,28
GA,Dougherty,24
GA,Douglas,212
GA,Early,2
GA,Echols,2
GA,Effingham,19
GA,Elbert,10
GA,Emanuel,24
GA,Evans,1
GA,Fannin,2
GA,Fayette,59
GA,Floyd,23
GA,Forsyth,42
GA,Franklin,87
GA,Fulton,5318
GA,Gilmer,37
GA,Glascock,0
GA,Glynn,68
GA,Gordon,44
GA,Grady,0
GA,Greene,50
GA,Gwinnett,1093
GA,Habersham,18
GA,Hall,124
GA,Hancock,2
GA,Haralson,55
GA,Harris,42
GA,Hart,12
GA,Heard,37
GA,Henry,486
GA,Houston,113
GA,Irwin,0
GA,Jackson,255
GA,Jasper,0
GA,Jeff Davis,3
GA,Jefferson,7
GA,Jenkins,4
GA,Johnson,0
GA,Jones,3
GA,Lamar,19
GA,Lanier,0
GA,Laurens,40
GA,Lee,24
GA,Liberty,71
GA,Lincoln,5
GA,Long,3
GA,Lowndes,65
GA,Lumpkin,0
GA,Macon,138
GA,Madison,4
GA,Marion,1
GA,McDuffie,22
GA,McIntosh,30
GA,Meriwether,43
GA,Miller,2
GA,Mitchell,14
GA,Monroe,174
GA,Montgomery,1
GA,Morgan,66
GA,Murray,1
GA,Muscogee,134
GA,Newton,90
GA,Oconee,18
GA,Oglethorpe,1
GA,Paulding,11
GA,Peach,68
GA,Pickens,16
GA,Pierce,6
GA,Pike,16
GA,Polk,26
GA,Pulaski,2
GA,Putnam,17
GA,Quitman,0
GA,Rabun,1
GA,Randolph,4
GA,Richmond,1893
GA,Rockdale,103
GA,Schley,4
GA,Screven,11
GA,Seminole,0
GA,Spalding,93
GA,Stephens,12
GA,Stewart,14
GA,Sumter,2
GA,Talbot,2
GA,Taliaferro,14
GA,Tattnall,9
GA,Taylor,7
GA,Telfair,1
GA,Terrell,4
GA,Thomas,4
GA,Tift,37
GA,Toombs,4
GA,Towns,0
GA,Treutlen,28
GA,Troup,161
GA,Turner,27
GA,Twiggs,35
GA,Union,0
GA,Upson,16
GA,Walker,9
GA,Walton,55
GA,Ware,12
GA,Warren,25
GA,Washington,0
GA,Wayne,4
GA,Webster,0
GA,Wheeler,9
GA,White,1
GA,Whitfield,69
GA,Wilcox,3
GA,Wilkes,11
GA,Wilkinson,15
GA,Worth,19
HI,Hawaii,0
HI,Honolulu,0
HI,Kalawao,0
HI,Kauai,0
HI,Maui,0
IA,Adair,99
IA,Adams,1
IA,Allamakee,9
IA,Appanoose,14
IA,Audubon,3
IA,Benton,46
IA,Black Hawk,101
IA,Boone,57
IA,Bremer,28
IA,Buchanan,33
IA,Buena Vista,20
IA,Butler,1
IA,Calhoun,18
IA,Carroll,8
IA,Cass,130
IA,Cedar,138
IA,Cerro Gordo,64
IA,Cherokee,4
IA,Chickasaw,9
IA,Clarke,18
IA,Clay,1
IA,Clayton,11
IA,Clinton,49
IA,Crawford,9
IA,Dallas,211
IA,Davis,8
IA,Decatur,10
IA,Delaware,11
IA,Des Moines,9
IA,Dickinson,8
IA,Dubuque,63
IA,Emmet,5
IA,Fayette,17
IA,Floyd,18
IA,Franklin,19
IA,Fremont,24
IA,Greene,16
IA,Grundy,15
IA,Guthrie,0
IA,Hamilton,113
IA,Hancock,3
IA,Hardin,42
IA,Harrison,29
IA,Henry,19
IA,Howard,2
IA,Humboldt,2
IA,Ida,2
IA,Iowa,85
IA,Jackson,15
IA,Jasper,261
IA,Jefferson,20
IA,Johnson,632
IA,Jones,18
IA,Keokuk,5
IA,Kossuth,3
IA,Lee,18
IA,Linn,359
IA,Louisa,5
IA,Lucas,11
IA,Lyon,2
IA,Madison,6
IA,Mahaska,18
IA,Marion,24
IA,Marshall,31
IA,Mills,39
IA,Mitchell,7
IA,Monona,41
IA,Monroe,6
IA,Montgomery,1
IA,Muscatine,8
IA,O'Brien,10
IA,Osceola,14
IA,Page,2
IA,Palo Alto,7
IA,Plymouth,22
IA,Pocahontas,10
IA,Polk,1451
IA,Pottawattamie,458
IA,Poweshiek,124
IA,Ringgold,0
IA,Sac,8
IA,Scott,388
IA,Shelby,1
IA,Sioux,23
IA,Story,227
IA,Tama,14
IA,Taylor,3
IA,Union,14
IA,Van Buren,2
IA,Wapello,45
IA,Warren,115
IA,Washington,27
IA,Wayne,16
IA,Webster,9
IA,Winnebago,1
IA,Winneshiek,2
IA,Woodbury,81
IA,Worth,22
IA,Wright,15
ID,Ada,2337
ID,Adams,7
ID,Bannock,103
ID,Bear Lake,1
ID,Benewah,5
ID,Bingham,80
ID,Blaine,4
ID,Boise,15
ID,Bonner,15
ID,Bonneville,72
ID,Boundary,1
ID,Butte,11
ID,Camas,3
ID,Canyon,511
ID,Caribou,1
ID,Cassia,72
ID,Clark,30
ID,Clearwater,2
ID,Custer,2
ID,Elmore,199
ID,Franklin,0
ID,Fremont,27
ID,Gem,5
ID,Gooding,29
ID,Idaho,8
ID,Jefferson,12
ID,Jerome,155
ID,Kootenai,62
ID,Latah,3
ID,Lemhi,0
ID,Lewis,10
ID,Lincoln,10
ID,Madison,22
ID,Minidoka,16
ID,Nez Perce,12
ID,Oneida,18
ID,Owyhee,19
ID,Payette,84
ID,Power,16
ID,Shoshone,31
ID,Teton,2
ID,Twin Falls,36
ID,Valley,15
ID,Washington,28
IL,Adams,5
IL,Alexander,1
IL,Bond,35
IL,Boone,41
IL,Brown,0
IL,Bureau,38
IL,Calhoun,0
IL,Carroll,0
IL,Cass,0
IL,Champaign,259
IL,Christian,1
IL,Clark,39
IL,Clay,1
IL,Clinton,20
IL,Coles,26
IL,Cook,11088
IL,Crawford,0
IL,Cumberland,24
IL,De Witt,12
IL,DeKalb,29
IL,Douglas,43
IL,DuPage,4764
IL,Edgar,0
IL,Edwards,0
IL,Effingham,86
IL,Fayette,54
IL,Ford,12
IL,Franklin,75
IL,Fulton,1
IL,Gallatin,0
IL,Greene,0
IL,Grundy,167
IL,Hamilton,4
IL,Hancock,0
IL,Hardin,3
IL,Henderson,0
IL,Henry,65
IL,Iroquois,85
IL,Jackson,1
IL,Jasper,0
IL,Jefferson,86
IL,Jersey,2
IL,Jo Daviess,9
IL,Johnson,36
IL,Kane,414
IL,Kankakee,107
IL,Kendall,1
IL,Knox,34
IL,LaSalle,191
IL,Lake,5039
IL,Lawrence,0
IL,Lee,50
IL,Livingston,58
IL,Logan,86
IL,Macon,25
IL,Macoupin,24
IL,Madison,440
IL,Marion,46
IL,Marshall,12
IL,Mason,1
IL,Massac,27
IL,McDonough,1
IL,McHenry,52
IL,McLean,171
IL,Menard,0
IL,Mercer,0
IL,Monroe,13
IL,Montgomery,73
IL,Morgan,23
IL,Moultrie,0
IL,Ogle,61
IL,Peoria,146
IL,Perry,0
IL,Piatt,28
IL,Pike,26
IL,Pope,0
IL,Pulaski,4
IL,Putnam,0
IL,Randolph,4
IL,Richland,0
IL,Rock Island,59
IL,Saline,1
IL,Sangamon,259
IL,Schuyler,0
IL,Scott,12
IL,Shelby,1
IL,St. Clair,515
IL,Stark,0
IL,Stephenson,1
IL,Tazewell,524
IL,Union,12
IL,Vermilion,63
IL,Wabash,0
IL,Warren,0
IL,Washington,36
IL,Wayne,15
IL,White,15
IL,Whiteside,36
IL,Will,1532
IL,Williamson,48
IL,Winnebago,152
IL,Woodford,25
IN,Adams,3
IN,Allen,312
IN,Bartholomew,190
IN,Benton,11
IN,Blackford,0
IN,Boone,431
IN,Brown,0
IN,Carroll,7
IN,Cass,14
IN,Clark,453
IN,Clay,62
IN,Clinton,69
IN,Crawford,13
IN,Daviess,9
IN,DeKalb,18
IN,Dearborn,43
IN,Decatur,17
IN,Delaware,163
IN,Dubois,23
IN,Elkhart,60
IN,Fayette,0
IN,Floyd,248
IN,Fountain,17
IN,Franklin,3
IN,Fulton,4
IN,Gibson,71
IN,Grant,17
IN,Greene,26
IN,Hamilton,287
IN,Hancock,268
IN,Harrison,37
IN,Hendricks,263
IN,Henry,158
IN,Howard,22
IN,Huntington,28
IN,Jackson,59
IN,Jasper,162
IN,Jay,15
IN,Jefferson,0
IN,Jennings,14
IN,Johnson,204
IN,Knox,25
IN,Kosciusko,14
IN,LaGrange,31
IN,LaPorte,140
IN,Lake,1332
IN,Lawrence,14
IN,Madison,232
IN,Marion,4644
IN,Marshall,46
IN,Martin,23
IN,Miami,13
IN,Monroe,89
IN,Montgomery,104
IN,Morgan,137
IN,Newton,45
IN,Noble,34
IN,Ohio,1
IN,Orange,9
IN,Owen,8
IN,Parke,9
IN,Perry,16
IN,Pike,17
IN,Porter,229
IN,Posey,12
IN,Pulaski,1
IN,Putnam,83
IN,Randolph,36
IN,Ripley,20
IN,Rush,20
IN,Scott,68
IN,Shelby,86
IN,Spencer,87
IN,St. Joseph,55
IN,Starke,24
IN,Steuben,17
IN,Sullivan,17
IN,Switzerland,0
IN,Tippecanoe,77
IN,Tipton,2
IN,Union,0
IN,Vanderburgh,130
IN,Vermillion,7
IN,Vigo,89
IN,Wabash,22
IN,Warren,0
IN,Warrick,24
IN,Washington,0
IN,Wayne,134
IN,Wells,0
IN,White,47
IN,Whitley,9
KS,Allen,0
KS,Anderson,1
KS,Atchison,0
KS,Barber,0
KS,Barton,0
KS,Bourbon,6
KS,Brown,2
KS,Butler,3
KS,Chase,0
KS,Chautauqua,0
KS,Cherokee,12
KS,Cheyenne,1
KS,Clark,1
KS,Clay,0
KS,Cloud,0
KS,Coffey,5
KS,Comanche,0
KS,Cowley,0
KS,Crawford,11
KS,Decatur,0
KS,Dickinson,0
KS,Doniphan,0
KS,Douglas,14
KS,Edwards,0
KS,Elk,0
KS,Ellis,2
KS,Ellsworth,1
KS,Finney,3
KS,Ford,11
KS,Franklin,2
KS,Geary,9
KS,Gove,0
KS,Graham,1
KS,Grant,0
KS,Gray,3
KS,Greeley,0
KS,Greenwood,3
KS,Hamilton,0
KS,Harper,0
KS,Harvey,4
KS,Haskell,0
KS,Hodgeman,9
KS,Jackson,0
KS,Jefferson,0
KS,Jewell,2
KS,Johnson,1629
KS,Kearny,0
KS,Kingman,1
KS,Kiowa,4
KS,Labette,11
KS,Lane,0
KS,Leavenworth,28
KS,Lincoln,0
KS,Linn,0
KS,Logan,0
KS,Lyon,0
KS,Marion,0
KS,Marshall,0
KS,McPherson,0
KS,Meade,6
KS,Miami,37
KS,Mitchell,0
KS,Montgomery,6
KS,Morris,0
KS,Morton,0
KS,Nemaha,2
KS,Neosho,14
KS,Ness,0
KS,Norton,0
KS,Osage,2
KS,Osborne,0
KS,Ottawa,0
KS,Pawnee,2
KS,Phillips,0
KS,Pottawatomie,0
KS,Pratt,8
KS,Rawlins,0
KS,Reno,0
KS,Republic,1
KS,Rice,0
KS,Riley,11
KS,Rooks,0
KS,Rush,4
KS,Russell,0
KS,Saline,2
KS,Scott,0
KS,Sedgwick,430
KS,Seward,0
KS,Shawnee,76
KS,Sheridan,0
KS,Sherman,5
KS,Smith,0
KS,Stafford,0
KS,Stanton,0
KS,Stevens,0
KS,Sumner,2
KS,Thomas,3
KS,Trego,0
KS,Wabaunsee,8
KS,Wallace,0
KS,Washington,0
KS,Wichita,0
KS,Wilson,5
KS,Woodson,0
KS,Wyandotte,1126
KY,Adair,1
KY,Allen,1
KY,Anderson,0
KY,Ballard,1
KY,Barren,2
KY,Bath,3
KY,Bell,0
KY,Boone,120
KY,Bourbon,0
KY,Boyd,3
KY,Boyle,3
KY,Bracken,7
KY,Breathitt,3
KY,Breckinridge,3
KY,Bullitt,151
KY,Butler,3
KY,Caldwell,7
KY,Calloway,8
KY,Campbell,138
KY,Carlisle,0
KY,Carroll,16
KY,Carter,11
KY,Casey,0
KY,Christian,21
KY,Clark,8
KY,Clay,0
KY,Clinton,0
KY,Crittenden,4
KY,Cumberland,0
KY,Daviess,8
KY,Edmonson,0
KY,Elliott,0
KY,Estill,0
KY,Fayette,703
KY,Fleming,0
KY,Floyd,1
KY,Franklin,11
KY,Fulton,1
KY,Gallatin,16
KY,Garrard,0
KY,Grant,8
KY,Graves,0
KY,Grayson,5
KY,Green,2
KY,Greenup,1
KY,Hancock,10
KY,Hardin,61
KY,Harlan,0
KY,Harrison,0
KY,Hart,16
KY,Henderson,8
KY,Henry,13
KY,Hickman,0
KY,Hopkins,1
KY,Jackson,1
KY,Jefferson,2015
KY,Jessamine,8
KY,Johnson,0
KY,Kenton,841
KY,Knott,0
KY,Knox,1
KY,Larue,4
KY,Laurel,48
KY,Lawrence,0
KY,Lee,0
KY,Leslie,0
KY,Letcher,0
KY,Lewis,0
KY,Lincoln,0
KY,Livingston,9
KY,Logan,4
KY,Lyon,7
KY,Madison,22
KY,Magoffin,8
KY,Marion,1
KY,Marshall,15
KY,Martin,0
KY,Mason,4
KY,McCracken,24
KY,McCreary,1
KY,McLean,0
KY,Meade,2
KY,Menifee,0
KY,Mercer,4
KY,Metcalfe,1
KY,Monroe,2
KY,Montgomery,5
KY,Morgan,0
KY,Muhlenberg,1
KY,Nelson,8
KY,Nicholas,0
KY,Ohio,7
KY,Oldham,41
KY,Owen,4
KY,Owsley,0
KY,Pendleton,4
KY,Perry,1
KY,Pike,1
KY,Powell,1
KY,Pulaski,2
KY,Robertson,0
KY,Rockcastle,8
KY,Rowan,2
KY,Russell,0
KY,Scott,18
KY,Shelby,13
KY,Simpson,1
KY,Spencer,0
KY,Taylor,3
KY,Todd,6
KY,Trigg,4
KY,Trimble,0
KY,Union,2
KY,Warren,17
KY,Washington,0
KY,Wayne,0
KY,Webster,3
KY,Whitley,23
KY,Wolfe,0
KY,Woodford,10
LA,Acadia,139
LA,Allen,0
LA,Ascension,154
LA,Assumption,0
LA,Avoyelles,2
LA,Beauregard,3
LA,Bienville,14
LA,Bossier,282
LA,Caddo,3679
LA,Calcasieu,623
LA,Caldwell,0
LA,Cameron,0
LA,Catahoula,0
LA,Claiborne,1
LA,Concordia,0
LA,DeSoto,8
LA,East Baton Rouge,14140
LA,East Carroll,1
LA,East Feliciana,6
LA,Evangeline,3
LA,Franklin,0
LA,Grant,0
LA,Iberia,5
LA,Iberville,199
LA,Jackson,0
LA,Jefferson,596
LA,Jefferson Davis,76
LA,LaSalle,0
LA,Lafayette,1409
LA,Lafourche,39
LA,Lincoln,13
LA,Livingston,208
LA,Madison,12
LA,Morehouse,0
LA,Natchitoches,5
LA,Orleans,6656
LA,Ouachita,125
LA,Plaquemines,0
LA,Pointe Coupee,13
LA,Rapides,211
LA,Red River,0
LA,Richland,14
LA,Sabine,0
LA,St. Bernard,1
LA,St. Charles,211
LA,St. Helena,0
LA,St. James,33
LA,St. John the Baptist,187
LA,St. Landry,19
LA,St. Martin,232
LA,St. Mary,5
LA,St. Tammany,497
LA,Tangipahoa,265
LA,Tensas,0
LA,Terrebonne,185
LA,Union,2
LA,Vermilion,1
LA,Vernon,1
LA,Washington,0
LA,Webster,15
LA,West Baton Rouge,557
LA,West Carroll,0
LA,West Feliciana,0
LA,Winn,0
MA,Barnstable,158
MA,Berkshire,38
MA,Bristol,340
MA,Dukes,0
MA,Essex,1193
MA,Franklin,11
MA,Hampden,112
MA,Hampshire,13
MA,Middlesex,3142
MA,Nantucket,0
MA,Norfolk,1734
MA,Plymouth,641
MA,Suffolk,3419
MA,Worcester,532
MD,Allegany,238
MD,Anne Arundel,2483
MD,Baltimore,5618
MD,Calvert,41
MD,Caroline,254
MD,Carroll,219
MD,Cecil,512
MD,Charles,518
MD,Dorchester,235
MD,Frederick,2851
MD,Garrett,90
MD,Harford,1173
MD,Howard,1304
MD,Kent,135
MD,Montgomery,4047
MD,Prince George's,5675
MD,Queen Anne's,654
MD,Somerset,76
MD,St. Mary's,207
MD,Talbot,455
MD,Washington,1034
MD,Wicomico,138
MD,Worcester,419
ME,Androscoggin,21
ME,Aroostook,6
ME,Cumberland,90
ME,Franklin,6
ME,Hancock,2
ME,Kennebec,20
ME,Knox,1
ME,Lincoln,2
ME,Oxford,6
ME,Penobscot,31
ME,Piscataquis,0
ME,Sagadahoc,7
ME,Somerset,11
ME,Waldo,1
ME,Washington,2
ME,York,37
MI,Alcona,0
MI,Alger,0
MI,Allegan,226
MI,Alpena,12
MI,Antrim,3
MI,Arenac,11
MI,Baraga,0
MI,Barry,9
MI,Bay,86
MI,Benzie,6
MI,Berrien,272
MI,Branch,5
MI,Calhoun,169
MI,Cass,11
MI,Charlevoix,6
MI,Cheboygan,12
MI,Chippewa,3
MI,Clare,28
MI,Clinton,85
MI,Crawford,22
MI,Delta,0
MI,Dickinson,1
MI,Eaton,106
MI,Emmet,22
MI,Genesee,4508
MI,Gladwin,0
MI,Gogebic,4
MI,Grand Traverse,19
MI,Gratiot,21
MI,Hillsdale,2
MI,Houghton,4
MI,Huron,1
MI,Ingham,398
MI,Ionia,53
MI,Iosco,9
MI,Iron,0
MI,Isabella,14
MI,Jackson,239
MI,Kalamazoo,381
MI,Kalkaska,0
MI,Kent,4771
MI,Keweenaw,0
MI,Lake,5
MI,Lapeer,23
MI,Leelanau,0
MI,Lenawee,29
MI,Livingston,404
MI,Luce,0
MI,Mackinac,14
MI,Macomb,945
MI,Manistee,0
MI,Marquette,7
MI,Mason,7
MI,Mecosta,2
MI,Menominee,3
MI,Midland,27
MI,Missaukee,0
MI,Monroe,285
MI,Montcalm,11
MI,Montmorency,1
MI,Muskegon,116
MI,Newaygo,5
MI,Oakland,1797
MI,Oceana,3
MI,Ogemaw,3
MI,Ontonagon,0
MI,Osceola,8
MI,Oscoda,0
MI,Otsego,10
MI,Ottawa,729
MI,Presque Isle,0
MI,Roscommon,14
MI,Saginaw,153
MI,Sanilac,0
MI,Schoolcraft,5
MI,Shiawassee,40
MI,St. Clair,218
MI,St. Joseph,10
MI,Tuscola,0
MI,Van Buren,150
MI,Washtenaw,659
MI,Wayne,4780
MI,Wexford,1
MN,Aitkin,189
MN,Anoka,1447
MN,Becker,189
MN,Beltrami,179
MN,Benton,316
MN,Big Stone,2
MN,Blue Earth,423
MN,Brown,89
MN,Carlton,382
MN,Carver,398
MN,Cass,305
MN,Chippewa,111
MN,Chisago,413
MN,Clay,78
MN,Clearwater,50
MN,Cook,2
MN,Cottonwood,104
MN,Crow Wing,371
MN,Dakota,2159
MN,Dodge,117
MN,Douglas,436
MN,Faribault,182
MN,Fillmore,134
MN,Freeborn,436
MN,Goodhue,494
MN,Grant,135
MN,Hennepin,10267
MN,Houston,84
MN,Hubbard,213
MN,Isanti,104
MN,Itasca,308
MN,Jackson,229
MN,Kanabec,88
MN,Kandiyohi,256
MN,Kittson,0
MN,Koochiching,40
MN,Lac qui Parle,7
MN,Lake,21
MN,Lake of the Woods,16
MN,Le Sueur,154
MN,Lincoln,0
MN,Lyon,157
MN,Mahnomen,30
MN,Marshall,1
MN,Martin,208
MN,McLeod,213
MN,Meeker,219
MN,Mille Lacs,212
MN,Morrison,329
MN,Mower,211
MN,Murray,91
MN,Nicollet,314
MN,Nobles,244
MN,Norman,0
MN,Olmsted,739
MN,Otter Tail,380
MN,Pennington,1
MN,Pine,559
MN,Pipestone,10
MN,Polk,27
MN,Pope,66
MN,Ramsey,4195
MN,Red Lake,7
MN,Redwood,113
MN,Renville,141
MN,Rice,629
MN,Rock,25
MN,Roseau,45
MN,Scott,615
MN,Sherburne,652
MN,Sibley,152
MN,St. Louis,1093
MN,Stearns,993
MN,Steele,313
MN,Stevens,25
MN,Swift,41
MN,Todd,233
MN,Traverse,2
MN,Wabasha,123
MN,Wadena,61
MN,Waseca,83
MN,Washington,1457
MN,Watonwan,107
MN,Wilkin,8
MN,Winona,500
MN,Wright,1266
MN,Yellow Medicine,88
MO,Adair,0
MO,Andrew,1
MO,Atchison,10
MO,Audrain,5
MO,Barry,0
MO,Barton,3
MO,Bates,0
MO,Benton,0
MO,Bollinger,0
MO,Boone,158
MO,Buchanan,67
MO,Butler,0
MO,Caldwell,4
MO,Callaway,48
MO,Camden,0
MO,Cape Girardeau,7
MO,Carroll,1
MO,Carter,0
MO,Cass,101
MO,Cedar,0
MO,Chariton,0
MO,Christian,26
MO,Clark,0
MO,Clay,1063
MO,Clinton,11
MO,Cole,5
MO,Cooper,37
MO,Crawford,17
MO,Dade,1
MO,Dallas,21
MO,Daviess,4
MO,DeKalb,0
MO,Dent,0
MO,Douglas,1
MO,Dunklin,4
MO,Franklin,91
MO,Gasconade,0
MO,Gentry,0
MO,Greene,2353
MO,Grundy,0
MO,Harrison,0
MO,Henry,1
MO,Hickory,1
MO,Holt,5
MO,Howard,0
MO,Howell,0
MO,Iron,0
MO,Jackson,4008
MO,Jasper,39
MO,Jefferson,236
MO,Johnson,6
MO,Knox,0
MO,Laclede,41
MO,Lafayette,78
MO,Lawrence,31
MO,Lewis,6
MO,Lincoln,7
MO,Linn,0
MO,Livingston,0
MO,Macon,0
MO,Madison,0
MO,Maries,9
MO,Marion,5
MO,McDonald,6
MO,Mercer,0
MO,Miller,7
MO,Mississippi,2
MO,Moniteau,2
MO,Monroe,4
MO,Montgomery,62
MO,Morgan,9
MO,New Madrid,7
MO,Newton,56
MO,Nodaway,3
MO,Oregon,0
MO,Osage,0
MO,Ozark,0
MO,Pemiscot,5
MO,Perry,9
MO,Pettis,0
MO,Phelps,38
MO,Pike,3
MO,Platte,483
MO,Polk,10
MO,Pulaski,17
MO,Putnam,0
MO,Ralls,12
MO,Randolph,0
MO,Ray,0
MO,Reynolds,0
MO,Ripley,0
MO,Saline,53
MO,Schuyler,0
MO,Scotland,2
MO,Scott,6
MO,Shannon,0
MO,Shelby,0
MO,St. Charles,917
MO,St. Clair,0
MO,St. Francois,4
MO,St. Louis,2821
MO,St. Louis,1056
MO,Ste. Genevieve,7
MO,Stoddard,0
MO,Stone,3
MO,Sullivan,0
MO,Taney,6
MO,Texas,5
MO,Vernon,0
MO,Warren,71
MO,Washington,1
MO,Wayne,0
MO,Webster,42
MO,Worth,0
MO,Wright,0
MS,Adams,2
MS,Alcorn,4
MS,Amite,3
MS,Attala,0
MS,Benton,7
MS,Bolivar,1
MS,Calhoun,2
MS,Carroll,4
MS,Chickasaw,0
MS,Choctaw,0
MS,Claiborne,0
MS,Clarke,1
MS,Clay,0
MS,Coahoma,2
MS,Copiah,27
MS,Covington,10
MS,DeSoto,224
MS,Forrest,248
MS,Franklin,3
MS,George,13
MS,Greene,0
MS,Grenada,8
MS,Hancock,42
MS,Harrison,176
MS,Hinds,852
MS,Holmes,3
MS,Humphreys,0
MS,Issaquena,0
MS,Itawamba,20
MS,Jackson,161
MS,Jasper,5
MS,Jefferson,0
MS,Jefferson Davis,0
MS,Jones,17
MS,Kemper,0
MS,Lafayette,25
MS,Lamar,192
MS,Lauderdale,41
MS,Lawrence,4
MS,Leake,7
MS,Lee,42
MS,Leflore,1
MS,Lincoln,26
MS,Lowndes,7
MS,Madison,186
MS,Marion,0
MS,Marshall,26
MS,Monroe,0
MS,Montgomery,12
MS,Neshoba,1
MS,Newton,21
MS,Noxubee,0
MS,Oktibbeha,3
MS,Panola,18
MS,Pearl River,38
MS,Perry,15
MS,Pike,25
MS,Pontotoc,3
MS,Prentiss,1
MS,Quitman,2
MS,Rankin,272
MS,Scott,39
MS,Sharkey,0
MS,Simpson,5
MS,Smith,0
MS,Stone,11
MS,Sunflower,1
MS,Tallahatchie,0
MS,Tate,27
MS,Tippah,2
MS,Tishomingo,0
MS,Tunica,0
MS,Union,5
MS,Walthall,0
MS,Warren,102
MS,Washington,15
MS,Wayne,1
MS,Webster,0
MS,Wilkinson,0
MS,Winston,0
MS,Yalobusha,20
MS,Yazoo,23
MT,Beaverhead,91
MT,Big Horn,155
MT,Blaine,21
MT,Broadwater,74
MT,Carbon,106
MT,Carter,11
MT,Cascade,185
MT,Chouteau,35
MT,Custer,65
MT,Daniels,1
MT,Dawson,95
MT,Deer Lodge,96
MT,Fallon,6
MT,Fergus,110
MT,Flathead,824
MT,Gallatin,952
MT,Garfield,12
MT,Glacier,76
MT,Golden Valley,16
MT,Granite,177
MT,Hill,49
MT,Jefferson,326
MT,Judith Basin,33
MT,Lake,274
MT,Lewis and Clark,2
MT,Lewis and Clark,432
MT,Liberty,2
MT,Lincoln,112
MT,Madison,136
MT,McCone,11
MT,Meagher,26
MT,Mineral,378
MT,Missoula,689
MT,Musselshell,34
MT,Park,295
MT,Petroleum,10
MT,Phillips,12
MT,Pondera,41
MT,Powder River,25
MT,Powell,196
MT,Prairie,27
MT,Ravalli,295
MT,Richland,36
MT,Roosevelt,33
MT,Rosebud,93
MT,Sanders,105
MT,Sheridan,5
MT,Silver Bow,184
MT,Stillwater,244
MT,Sweet Grass,66
MT,Teton,23
MT,Toole,21
MT,Treasure,35
MT,Valley,22
MT,Wheatland,19
MT,Wibaux,14
MT,Yellowstone,606
NC,Alamance,291
NC,Alexander,36
NC,Alleghany,12
NC,Anson,38
NC,Ashe,42
NC,Avery,22
NC,Beaufort,64
NC,Bertie,26
NC,Bladen,98
NC,Brunswick,171
NC,Buncombe,1290
NC,Burke,157
NC,Cabarrus,225
NC,Caldwell,72
NC,Camden,3
NC,Carteret,11
NC,Caswell,34
NC,Catawba,229
NC,Chatham,133
NC,Cherokee,48
NC,Chowan,3
NC,Clay,61
NC,Cleveland,122
NC,Columbus,92
NC,Craven,75
NC,Cumberland,639
NC,Currituck,52
NC,Dare,24
NC,Davidson,275
NC,Davie,185
NC,Duplin,115
NC,Durham,724
NC,Edgecombe,96
NC,Forsyth,749
NC,Franklin,107
NC,Gaston,357
NC,Gates,35
NC,Graham,16
NC,Granville,176
NC,Greene,60
NC,Guilford,695
NC,Halifax,194
NC,Harnett,416
NC,Haywood,397
NC,Henderson,613
NC,Hertford,14
NC,Hoke,50
NC,Hyde,0
NC,Iredell,560
NC,Jackson,102
NC,Johnston,808
NC,Jones,22
NC,Lee,72
NC,Lenoir,67
NC,Lincoln,103
NC,Macon,54
NC,Madison,39
NC,Martin,34
NC,McDowell,200
NC,Mecklenburg,24053
NC,Mitchell,17
NC,Montgomery,67
NC,Moore,88
NC,Nash,277
NC,New Hanover,215
NC,Northampton,75
NC,Onslow,77
NC,Orange,373
NC,Pamlico,11
NC,Pasquotank,26
NC,Pender,234
NC,Perquimans,10
NC,Person,21
NC,Pitt,169
NC,Polk,104
NC,Randolph,191
NC,Richmond,53
NC,Robeson,446
NC,Rockingham,114
NC,Rowan,279
NC,Rutherford,79
NC,Sampson,93
NC,Scotland,73
NC,Stanly,47
NC,Stokes,59
NC,Surry,169
NC,Swain,30
NC,Transylvania,72
NC,Tyrrell,24
NC,Union,141
NC,Vance,92
NC,Wake,20403
NC,Warren,40
NC,Washington,15
NC,Watauga,21
NC,Wayne,127
NC,Wilkes,94
NC,Wilson,116
NC,Yadkin,117
NC,Yancey,11
ND,Adams,9
ND,Barnes,93
ND,Benson,9
ND,Billings,19
ND,Bottineau,2
ND,Bowman,6
ND,Burke,7
ND,Burleigh,88
ND,Cass,232
ND,Cavalier,0
ND,Dickey,20
ND,Divide,11
ND,Dunn,29
ND,Eddy,2
ND,Emmons,19
ND,Foster,8
ND,Golden Valley,6
ND,Grand Forks,82
ND,Grant,7
ND,Griggs,5
ND,Hettinger,11
ND,Kidder,54
ND,LaMoure,21
ND,Logan,5
ND,McHenry,14
ND,McIntosh,6
ND,McKenzie,50
ND,McLean,11
ND,Mercer,0
ND,Morton,112
ND,Mountrail,17
ND,Nelson,9
ND,Oliver,2
ND,Pembina,6
ND,Pierce,4
ND,Ramsey,11
ND,Ransom,9
ND,Renville,0
ND,Richland,28
ND,Rolette,4
ND,Sargent,21
ND,Sheridan,6
ND,Sioux,9
ND,Slope,7
ND,Stark,51
ND,Steele,1
ND,Stutsman,39
ND,Towner,0
ND,Traill,30
ND,Walsh,8
ND,Ward,60
ND,Wells,18
ND,Williams,40
NE,Adams,1
NE,Antelope,7
NE,Arthur,0
NE,Banner,4
NE,Blaine,0
NE,Boone,0
NE,Box Butte,0
NE,Boyd,6
NE,Brown,0
NE,Buffalo,13
NE,Burt,24
NE,Butler,7
NE,Cass,36
NE,Cedar,4
NE,Chase,0
NE,Cherry,0
NE,Cheyenne,5
NE,Clay,0
NE,Colfax,9
NE,Cuming,3
NE,Custer,6
NE,Dakota,7
NE,Dawes,0
NE,Dawson,33
NE,Deuel,14
NE,Dixon,0
NE,Dodge,47
NE,Douglas,1050
NE,Dundy,0
NE,Fillmore,1
NE,Franklin,0
NE,Frontier,0
NE,Furnas,0
NE,Gage,14
NE,Garden,0
NE,Garfield,0
NE,Gosper,0
NE,Grant,0
NE,Greeley,0
NE,Hall,5
NE,Hamilton,10
NE,Harlan,6
NE,Hayes,0
NE,Hitchcock,0
NE,Holt,4
NE,Hooker,0
NE,Howard,0
NE,Jefferson,2
NE,Johnson,0
NE,Kearney,0
NE,Keith,43
NE,Keya Paha,0
NE,Kimball,4
NE,Knox,0
NE,Lancaster,68
NE,Lincoln,40
NE,Logan,3
NE,Loup,0
NE,Madison,4
NE,McPherson,0
NE,Merrick,0
NE,Morrill,5
NE,Nance,0
NE,Nemaha,6
NE,Nuckolls,0
NE,Otoe,10
NE,Pawnee,6
NE,Perkins,0
NE,Phelps,1
NE,Pierce,0
NE,Platte,3
NE,Polk,0
NE,Red Willow,0
NE,Richardson,7
NE,Rock,0
NE,Saline,5
NE,Sarpy,448
NE,Saunders,10
NE,Scotts Bluff,0
NE,Seward,57
NE,Sheridan,0
NE,Sherman,4
NE,Sioux,0
NE,Stanton,0
NE,Thayer,12
NE,Thomas,0
NE,Thurston,5
NE,Valley,0
NE,Washington,34
NE,Wayne,2
NE,Webster,4
NE,Wheeler,1
NE,York,25
NH,Belknap,110
NH,Carroll,29
NH,Cheshire,87
NH,Coos,15
NH,Grafton,80
NH,Hillsborough,245
NH,Merrimack,196
NH,Rockingham,284
NH,Strafford,58
NH,Sullivan,14
NJ,Atlantic,532
NJ,Bergen,2676
NJ,Burlington,1500
NJ,Camden,1856
NJ,Cape May,158
NJ,Cumberland,164
NJ,Essex,2298
NJ,Gloucester,860
NJ,Hudson,1883
NJ,Hunterdon,222
NJ,Mercer,1056
NJ,Middlesex,2671
NJ,Monmouth,1124
NJ,Morris,1010
NJ,Ocean,695
NJ,Passaic,830
NJ,Salem,177
NJ,Somerset,643
NJ,Sussex,104
NJ,Union,1943
NJ,Warren,190
NM,Bernalillo,1499
NM,Catron,0
NM,Chaves,1
NM,Cibola,108
NM,Colfax,11
NM,Curry,0
NM,De Baca,1
NM,Do√±a Ana,57
NM,Eddy,5
NM,Grant,21
NM,Guadalupe,68
NM,Harding,0
NM,Hidalgo,31
NM,Lea,22
NM,Lincoln,0
NM,Los Alamos,0
NM,Luna,25
NM,McKinley,81
NM,Mora,7
NM,Otero,4
NM,Quay,32
NM,Rio Arriba,19
NM,Roosevelt,0
NM,San Juan,17
NM,San Miguel,19
NM,Sandoval,31
NM,Santa Fe,31
NM,Sierra,24
NM,Socorro,38
NM,Taos,6
NM,Torrance,30
NM,Union,3
NM,Valencia,1
NV,Carson City,222
NV,Churchill,104
NV,Clark,144
NV,Douglas,241
NV,Elko,304
NV,Esmeralda,10
NV,Eureka,71
NV,Humboldt,94
NV,Lander,54
NV,Lincoln,22
NV,Lyon,205
NV,Mineral,25
NV,Nye,24
NV,Pershing,49
NV,Storey,33
NV,Washoe,2244
NV,White Pine,46
NY,Albany,1936
NY,Allegany,6
NY,Bronx,4270
NY,Broome,283
NY,Cattaraugus,22
NY,Cayuga,199
NY,Chautauqua,283
NY,Chemung,14
NY,Chenango,6
NY,Clinton,35
NY,Columbia,520
NY,Cortland,92
NY,Delaware,49
NY,Dutchess,1133
NY,Erie,2185
NY,Essex,39
NY,Franklin,34
NY,Fulton,41
NY,Genesee,251
NY,Greene,312
NY,Hamilton,21
NY,Herkimer,129
NY,Jefferson,90
NY,Kings,2836
NY,Lewis,51
NY,Livingston,71
NY,Madison,116
NY,Monroe,5191
NY,Montgomery,218
NY,Nassau,2806
NY,New York,3016
NY,Niagara,112
NY,Oneida,2149
NY,Onondaga,1219
NY,Ontario,238
NY,Orange,939
NY,Orleans,24
NY,Oswego,200
NY,Otsego,28
NY,Putnam,645
NY,Queens,5305
NY,Rensselaer,768
NY,Richmond,639
NY,Rockland,1107
NY,Saratoga,1500
NY,Schenectady,425
NY,Schoharie,50
NY,Schuyler,4
NY,Seneca,165
NY,St. Lawrence,51
NY,Steuben,14
NY,Suffolk,2442
NY,Sullivan,67
NY,Tioga,53
NY,Tompkins,82
NY,Ulster,431
NY,Warren,531
NY,Washington,322
NY,Wayne,7
NY,Westchester,4452
NY,Wyoming,31
NY,Yates,2
OH,Adams,4
OH,Allen,39
OH,Ashland,20
OH,Ashtabula,23
OH,Athens,12
OH,Auglaize,15
OH,Belmont,42
OH,Brown,13
OH,Butler,117
OH,Carroll,0
OH,Champaign,5
OH,Clark,72
OH,Clermont,151
OH,Clinton,24
OH,Columbiana,9
OH,Coshocton,2
OH,Crawford,0
OH,Cuyahoga,1814
OH,Darke,29
OH,Defiance,3
OH,Delaware,268
OH,Erie,114
OH,Fairfield,68
OH,Fayette,27
OH,Franklin,2613
OH,Fulton,47
OH,Gallia,7
OH,Geauga,73
OH,Greene,110
OH,Guernsey,29
OH,Hamilton,1501
OH,Hancock,31
OH,Hardin,7
OH,Harrison,3
OH,Henry,10
OH,Highland,1
OH,Hocking,12
OH,Holmes,11
OH,Huron,10
OH,Jackson,10
OH,Jefferson,11
OH,Knox,11
OH,Lake,88
OH,Lawrence,8
OH,Licking,141
OH,Logan,21
OH,Lorain,238
OH,Lucas,266
OH,Madison,72
OH,Mahoning,129
OH,Marion,15
OH,Medina,57
OH,Meigs,2
OH,Mercer,7
OH,Miami,69
OH,Monroe,1
OH,Montgomery,3323
OH,Morgan,1
OH,Morrow,23
OH,Muskingum,50
OH,Noble,4
OH,Ottawa,14
OH,Paulding,5
OH,Perry,8
OH,Pickaway,46
OH,Pike,5
OH,Portage,142
OH,Preble,33
OH,Putnam,1
OH,Richland,38
OH,Ross,23
OH,Sandusky,89
OH,Scioto,5
OH,Seneca,7
OH,Shelby,26
OH,Stark,131
OH,Summit,799
OH,Trumbull,109
OH,Tuscarawas,28
OH,Union,51
OH,Van Wert,3
OH,Vinton,5
OH,Warren,195
OH,Washington,14
OH,Wayne,31
OH,Williams,71
OH,Wood,137
OH,Wyandot,7
OK,Adair,0
OK,Alfalfa,0
OK,Atoka,1
OK,Beaver,0
OK,Beckham,1
OK,Blaine,0
OK,Bryan,0
OK,Caddo,1
OK,Canadian,366
OK,Carter,3
OK,Cherokee,0
OK,Choctaw,0
OK,Cimarron,0
OK,Cleveland,366
OK,Coal,0
OK,Comanche,1
OK,Cotton,1
OK,Craig,0
OK,Creek,7
OK,Custer,0
OK,Delaware,0
OK,Dewey,0
OK,Ellis,0
OK,Garfield,0
OK,Garvin,1
OK,Grady,1
OK,Grant,0
OK,Greer,0
OK,Harmon,0
OK,Harper,0
OK,Haskell,1
OK,Hughes,0
OK,Jackson,0
OK,Jefferson,0
OK,Johnston,0
OK,Kay,1
OK,Kingfisher,0
OK,Kiowa,0
OK,Latimer,0
OK,Le Flore,0
OK,Lincoln,3
OK,Logan,9
OK,Love,8
OK,Major,0
OK,Marshall,0
OK,Mayes,1
OK,McClain,13
OK,McCurtain,0
OK,McIntosh,0
OK,Murray,1
OK,Muskogee,1
OK,Noble,0
OK,Nowata,0
OK,Okfuskee,3
OK,Oklahoma,4673
OK,Okmulgee,2
OK,Osage,29
OK,Ottawa,1
OK,Pawnee,0
OK,Payne,3
OK,Pittsburg,0
OK,Pontotoc,0
OK,Pottawatomie,5
OK,Pushmataha,0
OK,Roger Mills,0
OK,Rogers,10
OK,Seminole,7
OK,Sequoyah,0
OK,Stephens,0
OK,Texas,0
OK,Tillman,0
OK,Tulsa,3381
OK,Wagoner,25
OK,Washington,0
OK,Washita,1
OK,Woods,0
OK,Woodward,0
OR,Baker,1001
OR,Benton,272
OR,Clackamas,2126
OR,Clatsop,685
OR,Columbia,330
OR,Coos,516
OR,Crook,260
OR,Curry,244
OR,Deschutes,1533
OR,Douglas,1495
OR,Gilliam,238
OR,Grant,252
OR,Harney,260
OR,Hood River,373
OR,Jackson,1644
OR,Jefferson,392
OR,Josephine,882
OR,Klamath,1146
OR,Lake,311
OR,Lane,1937
OR,Lincoln,676
OR,Linn,1020
OR,Malheur,942
OR,Marion,1532
OR,Morrow,260
OR,Multnomah,5126
OR,Polk,533
OR,Sherman,322
OR,Tillamook,461
OR,Umatilla,2100
OR,Union,1046
OR,Wallowa,151
OR,Wasco,803
OR,Washington,1829
OR,Wheeler,122
OR,Yamhill,621
PA,Adams,642
PA,Allegheny,3648
PA,Armstrong,82
PA,Beaver,183
PA,Bedford,734
PA,Berks,1295
PA,Blair,1329
PA,Bradford,229
PA,Bucks,1042
PA,Butler,183
PA,Cambria,1295
PA,Cameron,37
PA,Carbon,120
PA,Centre,1662
PA,Chester,3859
PA,Clarion,248
PA,Clearfield,1409
PA,Clinton,521
PA,Columbia,557
PA,Crawford,55
PA,Cumberland,1299
PA,Dauphin,1479
PA,Delaware,2250
PA,Elk,473
PA,Erie,266
PA,Fayette,161
PA,Forest,12
PA,Franklin,466
PA,Fulton,336
PA,Greene,80
PA,Huntingdon,493
PA,Indiana,134
PA,Jefferson,324
PA,Juniata,416
PA,Lackawanna,374
PA,Lancaster,5438
PA,Lawrence,467
PA,Lebanon,586
PA,Lehigh,1088
PA,Luzerne,530
PA,Lycoming,1261
PA,McKean,560
PA,Mercer,153
PA,Mifflin,517
PA,Monroe,399
PA,Montgomery,10583
PA,Montour,149
PA,Northampton,717
PA,Northumberland,733
PA,Perry,297
PA,Philadelphia,3962
PA,Pike,232
PA,Potter,116
PA,Schuylkill,362
PA,Snyder,498
PA,Somerset,987
PA,Sullivan,89
PA,Susquehanna,253
PA,Tioga,439
PA,Union,504
PA,Venango,204
PA,Warren,31
PA,Washington,539
PA,Wayne,89
PA,Westmoreland,1682
PA,Wyoming,49
PA,York,2556
RI,Bristol,4
RI,Kent,331
RI,Newport,26
RI,Providence,1833
RI,Washington,132
SC,Abbeville,239
SC,Aiken,1495
SC,Allendale,77
SC,Anderson,4832
SC,Bamberg,150
SC,Barnwell,193
SC,Beaufort,911
SC,Berkeley,2352
SC,Calhoun,519
SC,Charleston,1971
SC,Cherokee,1292
SC,Chester,505
SC,Chesterfield,339
SC,Clarendon,593
SC,Colleton,1027
SC,Darlington,925
SC,Dillon,584
SC,Dorchester,1652
SC,Edgefield,126
SC,Fairfield,423
SC,Florence,2709
SC,Georgetown,512
SC,Greenville,11156
SC,Greenwood,713
SC,Hampton,225
SC,Horry,4059
SC,Jasper,726
SC,Kershaw,1021
SC,Lancaster,874
SC,Laurens,1413
SC,Lee,334
SC,Lexington,4338
SC,Marion,379
SC,Marlboro,370
SC,McCormick,92
SC,Newberry,632
SC,Oconee,1501
SC,Orangeburg,1812
SC,Pickens,1549
SC,Richland,6579
SC,Saluda,205
SC,Spartanburg,8111
SC,Sumter,1129
SC,Union,227
SC,Williamsburg,277
SC,York,2103
SD,Aurora,1
SD,Beadle,2
SD,Bennett,0
SD,Bon Homme,0
SD,Brookings,1
SD,Brown,2
SD,Brule,11
SD,Buffalo,0
SD,Butte,0
SD,Campbell,0
SD,Charles Mix,0
SD,Clark,0
SD,Clay,0
SD,Codington,0
SD,Corson,5
SD,Custer,0
SD,Davison,0
SD,Day,0
SD,Deuel,0
SD,Dewey,0
SD,Douglas,0
SD,Edmunds,0
SD,Fall River,0
SD,Faulk,0
SD,Grant,1
SD,Gregory,0
SD,Haakon,0
SD,Hamlin,0
SD,Hand,0
SD,Hanson,0
SD,Harding,0
SD,Hughes,0
SD,Hutchinson,0
SD,Hyde,0
SD,Jackson,0
SD,Jerauld,0
SD,Jones,0
SD,Kingsbury,0
SD,Lake,0
SD,Lawrence,0
SD,Lincoln,0
SD,Lyman,0
SD,Marshall,1
SD,McCook,1
SD,McPherson,0
SD,Meade,1
SD,Mellette,0
SD,Miner,0
SD,Minnehaha,1
SD,Moody,0
SD,Oglala Lakota,0
SD,Pennington,0
SD,Perkins,0
SD,Potter,0
SD,Roberts,0
SD,Sanborn,0
SD,Spink,0
SD,Stanley,0
SD,Sully,0
SD,Todd,0
SD,Tripp,0
SD,Turner,0
SD,Union,0
SD,Walworth,0
SD,Yankton,0
SD,Ziebach,0
TN,Anderson,100
TN,Bedford,19
TN,Benton,10
TN,Bledsoe,12
TN,Blount,36
TN,Bradley,292
TN,Campbell,235
TN,Cannon,8
TN,Carroll,8
TN,Carter,29
TN,Cheatham,98
TN,Chester,1
TN,Claiborne,5
TN,Clay,2
TN,Cocke,88
TN,Coffee,142
TN,Crockett,4
TN,Cumberland,140
TN,Davidson,19463
TN,DeKalb,8
TN,Decatur,5
TN,Dickson,79
TN,Dyer,2
TN,Fayette,48
TN,Fentress,1
TN,Franklin,66
TN,Gibson,3
TN,Giles,46
TN,Grainger,9
TN,Greene,127
TN,Grundy,71
TN,Hamblen,42
TN,Hamilton,5976
TN,Hancock,0
TN,Hardeman,2
TN,Hardin,2
TN,Hawkins,18
TN,Haywood,24
TN,Henderson,10
TN,Henry,1
TN,Hickman,69
TN,Houston,11
TN,Humphreys,75
TN,Jackson,10
TN,Jefferson,129
TN,Johnson,2
TN,Knox,1388
TN,Lake,1
TN,Lauderdale,0
TN,Lawrence,18
TN,Lewis,11
TN,Lincoln,34
TN,Loudon,183
TN,Macon,12
TN,Madison,54
TN,Marion,184
TN,Marshall,32
TN,Maury,60
TN,McMinn,144
TN,McNairy,0
TN,Meigs,8
TN,Monroe,22
TN,Montgomery,135
TN,Moore,2
TN,Morgan,2
TN,Obion,5
TN,Overton,11
TN,Perry,3
TN,Pickett,2
TN,Polk,25
TN,Putnam,209
TN,Rhea,12
TN,Roane,183
TN,Robertson,234
TN,Rutherford,488
TN,Scott,13
TN,Sequatchie,26
TN,Sevier,77
TN,Shelby,3312
TN,Smith,33
TN,Stewart,15
TN,Sullivan,140
TN,Sumner,161
TN,Tipton,1
TN,Trousdale,11
TN,Unicoi,23
TN,Union,10
TN,Van Buren,2
TN,Warren,3
TN,Washington,394
TN,Wayne,14
TN,Weakley,3
TN,White,11
TN,Williamson,341
TN,Wilson,171
TX,Anderson,2
TX,Andrews,0
TX,Angelina,1
TX,Aransas,0
TX,Archer,6
TX,Armstrong,1
TX,Atascosa,4
TX,Austin,8
TX,Bailey,0
TX,Bandera,0
TX,Bastrop,21
TX,Baylor,4
TX,Bee,1
TX,Bell,16
TX,Bexar,5717
TX,Blanco,0
TX,Borden,0
TX,Bosque,0
TX,Bowie,19
TX,Brazoria,104
TX,Brazos,13
TX,Brewster,1
TX,Briscoe,0
TX,Brooks,0
TX,Brown,0
TX,Burleson,0
TX,Burnet,12
TX,Caldwell,45
TX,Calhoun,7
TX,Callahan,4
TX,Cameron,12
TX,Camp,0
TX,Carson,1
TX,Cass,7
TX,Castro,1
TX,Chambers,13
TX,Cherokee,2
TX,Childress,0
TX,Clay,3
TX,Cochran,0
TX,Coke,0
TX,Coleman,0
TX,Collin,1163
TX,Collingsworth,0
TX,Colorado,7
TX,Comal,135
TX,Comanche,6
TX,Concho,0
TX,Cooke,5
TX,Coryell,5
TX,Cottle,0
TX,Crane,0
TX,Crockett,0
TX,Crosby,2
TX,Culberson,15
TX,Dallam,1
TX,Dallas,29861
TX,Dawson,0
TX,DeWitt,0
TX,Deaf Smith,3
TX,Delta,0
TX,Denton,1473
TX,Dickens,0
TX,Dimmit,0
TX,Donley,0
TX,Duval,0
TX,Eastland,14
TX,Ector,4
TX,Edwards,2
TX,El Paso,1442
TX,Ellis,186
TX,Erath,2
TX,Falls,0
TX,Fannin,0
TX,Fayette,16
TX,Fisher,0
TX,Floyd,0
TX,Foard,0
TX,Fort Bend,383
TX,Franklin,0
TX,Freestone,1
TX,Frio,0
TX,Gaines,0
TX,Galveston,156
TX,Garza,7
TX,Gillespie,10
TX,Glasscock,1
TX,Goliad,4
TX,Gonzales,1
TX,Gray,0
TX,Grayson,4
TX,Gregg,28
TX,Grimes,7
TX,Guadalupe,92
TX,Hale,0
TX,Hall,0
TX,Hamilton,2
TX,Hansford,0
TX,Hardeman,1
TX,Hardin,0
TX,Harris,27596
TX,Harrison,9
TX,Hartley,1
TX,Haskell,1
TX,Hays,250
TX,Hemphill,0
TX,Henderson,2
TX,Hidalgo,138
TX,Hill,12
TX,Hockley,1
TX,Hood,2
TX,Hopkins,0
TX,Houston,6
TX,Howard,7
TX,Hudspeth,15
TX,Hunt,17
TX,Hutchinson,0
TX,Irion,0
TX,Jack,0
TX,Jackson,2
TX,Jasper,1
TX,Jeff Davis,0
TX,Jefferson,28
TX,Jim Hogg,0
TX,Jim Wells,0
TX,Johnson,67
TX,Jones,0
TX,Karnes,0
TX,Kaufman,318
TX,Kendall,17
TX,Kenedy,0
TX,Kent,0
TX,Kerr,5
TX,Kimble,9
TX,King,0
TX,Kinney,3
TX,Kleberg,1
TX,Knox,1
TX,LaSalle,9
TX,Lamar,0
TX,Lamb,1
TX,Lampasas,1
TX,Lavaca,0
TX,Lee,1
TX,Leon,7
TX,Liberty,4
TX,Limestone,0
TX,Lipscomb,0
TX,Live Oak,1
TX,Llano,1
TX,Loving,0
TX,Lubbock,18
TX,Lynn,2
TX,Madison,1
TX,Marion,1
TX,Martin,0
TX,Mason,0
TX,Matagorda,1
TX,Maverick,0
TX,McCulloch,0
TX,McLennan,100
TX,McMullen,0
TX,Medina,2
TX,Menard,2
TX,Midland,7
TX,Milam,6
TX,Mills,0
TX,Mitchell,10
TX,Montague,4
TX,Montgomery,445
TX,Moore,1
TX,Morris,4
TX,Motley,0
TX,Nacogdoches,5
TX,Navarro,8
TX,Newton,1
TX,Nolan,5
TX,Nueces,6
TX,Ochiltree,0
TX,Oldham,4
TX,Orange,7
TX,Palo Pinto,10
TX,Panola,7
TX,Parker,77
TX,Parmer,0
TX,Pecos,3
TX,Polk,3
TX,Potter,5
TX,Presidio,0
TX,Rains,0
TX,Randall,1
TX,Reagan,0
TX,Real,0
TX,Red River,0
TX,Reeves,3
TX,Refugio,0
TX,Roberts,0
TX,Robertson,2
TX,Rockwall,423
TX,Runnels,1
TX,Rusk,1
TX,Sabine,0
TX,San Augustine,0
TX,San Jacinto,2
TX,San Patricio,13
TX,San Saba,0
TX,Schleicher,0
TX,Scurry,3
TX,Shackelford,3
TX,Shelby,0
TX,Sherman,0
TX,Smith,1120
TX,Somervell,0
TX,Starr,4
TX,Stephens,0
TX,Sterling,4
TX,Stonewall,0
TX,Sutton,0
TX,Swisher,0
TX,Tarrant,5413
TX,Taylor,9
TX,Terrell,1
TX,Terry,1
TX,Throckmorton,0
TX,Titus,1
TX,Tom Green,0
TX,Travis,14415
TX,Trinity,5
TX,Tyler,0
TX,Upshur,6
TX,Upton,1
TX,Uvalde,0
TX,Val Verde,1
TX,Van Zandt,5
TX,Victoria,8
TX,Walker,9
TX,Waller,74
TX,Ward,0
TX,Washington,1
TX,Webb,14
TX,Wharton,12
TX,Wheeler,1
TX,Wichita,388
TX,Wilbarger,2
TX,Willacy,1
TX,Williamson,707
TX,Wilson,0
TX,Winkler,0
TX,Wise,3
TX,Wood,0
TX,Yoakum,0
TX,Young,2
TX,Zapata,0
TX,Zavala,0
UT,Beaver,164
UT,Box Elder,585
UT,Cache,65
UT,Carbon,116
UT,Daggett,11
UT,Davis,1891
UT,Duchesne,128
UT,Emery,223
UT,Garfield,77
UT,Grand,227
UT,Iron,535
UT,Juab,325
UT,Kane,27
UT,Millard,364
UT,Morgan,185
UT,Piute,18
UT,Rich,0
UT,Salt Lake,5685
UT,San Juan,120
UT,Sanpete,140
UT,Sevier,413
UT,Summit,708
UT,Tooele,688
UT,Uintah,126
UT,Utah,1845
UT,Wasatch,374
UT,Washington,460
UT,Wayne,34
UT,Weber,2128
VA,Accomack,142
VA,Albemarle,1142
VA,Alexandria,648
VA,Alleghany,127
VA,Amelia,128
VA,Amherst,101
VA,Appomattox,47
VA,Arlington,1208
VA,Augusta,1203
VA,Bath,6
VA,Bedford,288
VA,Bland,154
VA,Botetourt,521
VA,Bristol,74
VA,Brunswick,310
VA,Buchanan,26
VA,Buckingham,55
VA,Buena Vista,10
VA,Campbell,199
VA,Caroline,599
VA,Carroll,348
VA,Charles City,108
VA,Charlotte,53
VA,Charlottesville,104
VA,Chesapeake,1757
VA,Chesterfield,3146
VA,Clarke,169
VA,Colonial Heights,139
VA,Covington,3
VA,Craig,2
VA,Culpeper,143
VA,Cumberland,49
VA,Danville,10
VA,Dickenson,19
VA,Dinwiddie,468
VA,Emporia,28
VA,Essex,130
VA,Fairfax,8171
VA,Falls Church,30
VA,Fauquier,1047
VA,Floyd,27
VA,Fluvanna,82
VA,Franklin,24
VA,Franklin,263
VA,Frederick,751
VA,Fredericksburg,402
VA,Galax,0
VA,Giles,35
VA,Gloucester,209
VA,Goochland,293
VA,Grayson,17
VA,Greene,114
VA,Greensville,124
VA,Halifax,97
VA,Hampton,1077
VA,Hanover,1005
VA,Harrisonburg,242
VA,Henrico,3199
VA,Henry,191
VA,Highland,14
VA,Hopewell,24
VA,Isle of Wight,187
VA,James City,392
VA,King George,266
VA,King William,53
VA,King and Queen,32
VA,Lancaster,46
VA,Lee,21
VA,Lexington,0
VA,Loudoun,1963
VA,Louisa,268
VA,Lunenburg,67
VA,Lynchburg,47
VA,Madison,40
VA,Manassas,106
VA,Manassas Park,8
VA,Martinsville,0
VA,Mathews,45
VA,Mecklenburg,316
VA,Middlesex,64
VA,Montgomery,446
VA,Nelson,114
VA,New Kent,664
VA,Newport News,1025
VA,Norfolk,2768
VA,Northampton,87
VA,Northumberland,80
VA,Norton,2
VA,Nottoway,95
VA,Orange,176
VA,Page,168
VA,Patrick,67
VA,Petersburg,309
VA,Pittsylvania,226
VA,Poquoson,8
VA,Portsmouth,413
VA,Powhatan,197
VA,Prince Edward,79
VA,Prince George,244
VA,Prince William,3644
VA,Pulaski,174
VA,Radford,13
VA,Rappahannock,22
VA,Richmond,71
VA,Richmond,3663
VA,Roanoke,741
VA,Rockbridge,536
VA,Rockingham,706
VA,Russell,51
VA,Salem,33
VA,Scott,26
VA,Shenandoah,744
VA,Smyth,209
VA,Southampton,100
VA,Spotsylvania,977
VA,Stafford,1748
VA,Staunton,39
VA,Suffolk,636
VA,Surry,27
VA,Sussex,199
VA,Tazewell,39
VA,Virginia Beach,1815
VA,Warren,250
VA,Washington,310
VA,Waynesboro,58
VA,Westmoreland,93
VA,Williamsburg,6
VA,Winchester,41
VA,Wise,24
VA,Wythe,500
VA,York,585
VT,Addison,2
VT,Bennington,6
VT,Caledonia,2
VT,Chittenden,24
VT,Essex,0
VT,Franklin,6
VT,Grand Isle,6
VT,Lamoille,0
VT,Orange,5
VT,Orleans,3
VT,Rutland,2
VT,Washington,13
VT,Windham,35
VT,Windsor,9
WA,Adams,44
WA,Asotin,1
WA,Benton,30
WA,Chelan,9
WA,Clallam,59
WA,Clark,732
WA,Columbia,0
WA,Cowlitz,244
WA,Douglas,4
WA,Ferry,7
WA,Franklin,9
WA,Garfield,0
WA,Grant,19
WA,Grays Harbor,112
WA,Island,56
WA,Jefferson,88
WA,King,6491
WA,Kitsap,264
WA,Kittitas,128
WA,Klickitat,67
WA,Lewis,230
WA,Lincoln,11
WA,Mason,127
WA,Okanogan,3
WA,Pacific,23
WA,Pend Oreille,15
WA,Pierce,2729
WA,San Juan,0
WA,Skagit,189
WA,Skamania,27
WA,Snohomish,1519
WA,Spokane,856
WA,Stevens,24
WA,Thurston,483
WA,Wahkiakum,10
WA,Walla Walla,3
WA,Whatcom,299
WA,Whitman,23
WA,Yakima,24
WI,Adams,0
WI,Ashland,0
WI,Barron,1
WI,Bayfield,0
WI,Brown,62
WI,Buffalo,1
WI,Burnett,0
WI,Calumet,15
WI,Chippewa,12
WI,Clark,3
WI,Columbia,48
WI,Crawford,1
WI,Dane,451
WI,Dodge,17
WI,Door,0
WI,Douglas,14
WI,Dunn,23
WI,Eau Claire,34
WI,Florence,0
WI,Fond du Lac,30
WI,Forest,0
WI,Grant,0
WI,Green,2
WI,Green Lake,0
WI,Iowa,5
WI,Iron,0
WI,Jackson,20
WI,Jefferson,36
WI,Juneau,19
WI,Kenosha,40
WI,Kewaunee,1
WI,La Crosse,28
WI,Lafayette,0
WI,Langlade,0
WI,Lincoln,5
WI,Manitowoc,6
WI,Marathon,29
WI,Marinette,0
WI,Marquette,5
WI,Menominee,0
WI,Milwaukee,1203
WI,Monroe,15
WI,Oconto,7
WI,Oneida,0
WI,Outagamie,86
WI,Ozaukee,19
WI,Pepin,0
WI,Pierce,3
WI,Polk,0
WI,Portage,28
WI,Price,1
WI,Racine,42
WI,Richland,0
WI,Rock,59
WI,Rusk,0
WI,Sauk,21
WI,Sawyer,0
WI,Shawano,14
WI,Sheboygan,30
WI,St. Croix,54
WI,Taylor,0
WI,Trempealeau,5
WI,Vernon,0
WI,Vilas,0
WI,Walworth,5
WI,Washburn,0
WI,Washington,65
WI,Waukesha,345
WI,Waupaca,28
WI,Waushara,3
WI,Winnebago,66
WI,Wood,0
WV,Barbour,7
WV,Berkeley,410
WV,Boone,2
WV,Braxton,100
WV,Brooke,5
WV,Cabell,298
WV,Calhoun,0
WV,Clay,4
WV,Doddridge,8
WV,Fayette,59
WV,Gilmer,0
WV,Grant,5
WV,Greenbrier,30
WV,Hampshire,9
WV,Hancock,0
WV,Hardy,4
WV,Harrison,54
WV,Jackson,37
WV,Jefferson,73
WV,Kanawha,959
WV,Lewis,53
WV,Lincoln,2
WV,Logan,20
WV,Marion,55
WV,Marshall,3
WV,Mason,8
WV,McDowell,0
WV,Mercer,102
WV,Mineral,8
WV,Mingo,2
WV,Monongalia,126
WV,Monroe,0
WV,Morgan,16
WV,Nicholas,12
WV,Ohio,142
WV,Pendleton,2
WV,Pleasants,0
WV,Pocahontas,1
WV,Preston,36
WV,Putnam,169
WV,Raleigh,253
WV,Randolph,0
WV,Ritchie,2
WV,Roane,39
WV,Summers,28
WV,Taylor,15
WV,Tucker,4
WV,Tyler,0
WV,Upshur,0
WV,Wayne,28
WV,Webster,1
WV,Wetzel,1
WV,Wirt,0
WV,Wood,81
WV,Wyoming,0
WY,Albany,36
WY,Big Horn,8
WY,Campbell,16
WY,Carbon,148
WY,Converse,25
WY,Crook,14
WY,Fremont,9
WY,Goshen,0
WY,Hot Springs,0
WY,Johnson,27
WY,Laramie,40
WY,Lincoln,0
WY,Natrona,24
WY,Niobrara,0
WY,Park,3
WY,Platte,44
WY,Sheridan,27
WY,Sublette,0
WY,Sweetwater,174
WY,Teton,4
WY,Uinta,41
WY,Washakie,0
WY,Weston,0
